filename,upload_date,category,city,suggested_pages,status,r2_url
auto_gate_prairie_grove_entry_gate_geo_02.jpg,May 8,Gate Automation,Prairie Grove,/gates/gate-automation/,ON SITE,https://images.thomasfencear.com/auto_gate_prairie_grove_entry_gate_geo_02.jpg
automated_gate_bentonville_custom_gate_geo_01.jpg,May 13,Gate Automation,Bentonville,/gates/gate-automation/ | /bentonville/,NOT WIRED IN,https://images.thomasfencear.com/automated_gate_bentonville_custom_gate_geo_01.jpg
automated_gate_bentonville_custom_gate_geo_02.jpg,May 13,Gate Automation,Bentonville,/gates/gate-automation/ | /bentonville/,NOT WIRED IN,https://images.thomasfencear.com/automated_gate_bentonville_custom_gate_geo_02.jpg
automated_gate_bentonville_estate_gate_geo_05.jpg,May 6,Gate Automation / Estate Gates,Bentonville,/gates/gate-automation/ | /gates/estate-gates/ | /bentonville/,ON SITE,https://images.thomasfencear.com/automated_gate_bentonville_estate_gate_geo_05.jpg
automated_gate_bentonville_estate_gate_geo_07.jpg,May 6,Gate Automation / Estate Gates,Bentonville,/gates/gate-automation/ | /gates/estate-gates/ | /bentonville/,ON SITE,https://images.thomasfencear.com/automated_gate_bentonville_estate_gate_geo_07.jpg
automated_gate_bentonville_estate_gate_geo_08.jpg,May 6,Gate Automation / Estate Gates,Bentonville,/gates/gate-automation/ | /gates/estate-gates/ | /bentonville/,ON SITE,https://images.thomasfencear.com/automated_gate_bentonville_estate_gate_geo_08.jpg
automated_gate_fayetteville_solar_powered_gate_geo_01.jpg,May 6,Gate Automation,Fayetteville,/gates/gate-automation/ | /fayetteville/,ON SITE,https://images.thomasfencear.com/automated_gate_fayetteville_solar_powered_gate_geo_01.jpg
automated_gate_fayetteville_solar_powered_gate_geo_02.jpg,May 6,Gate Automation,Fayetteville,/gates/gate-automation/ | /fayetteville/,ON SITE,https://images.thomasfencear.com/automated_gate_fayetteville_solar_powered_gate_geo_02.jpg
automated_gate_lowell_buckley_gate_geo_01.jpg,May 8,Gate Automation,Lowell,/gates/gate-automation/,ON SITE,https://images.thomasfencear.com/automated_gate_lowell_buckley_gate_geo_01.jpg
automated_gate_prairie_grove_entry_gate_geo_01.jpg,May 8,Gate Automation,Prairie Grove,/gates/gate-automation/,ON SITE,https://images.thomasfencear.com/automated_gate_prairie_grove_entry_gate_geo_01.jpg
automated_gate_prairie_grove_entry_gate_geo_02.jpg,May 8,Gate Automation,Prairie Grove,/gates/gate-automation/,ON SITE,https://images.thomasfencear.com/automated_gate_prairie_grove_entry_gate_geo_02.jpg
automated_gate_springdale_buckley_geo_03.jpg,May 8,Gate Automation,Springdale,/gates/gate-automation/ | /springdale/,ON SITE,https://images.thomasfencear.com/automated_gate_springdale_buckley_geo_03.jpg
automated_gate_springdale_estate_gate_geo_01.jpg,May 6,Gate Automation / Estate Gates,Springdale,/gates/gate-automation/ | /gates/estate-gates/ | /springdale/,ON SITE,https://images.thomasfencear.com/automated_gate_springdale_estate_gate_geo_01.jpg
automated_gate_springdale_estate_gate_geo_02.jpg,May 6,Gate Automation / Estate Gates,Springdale,/gates/gate-automation/ | /gates/estate-gates/ | /springdale/,ON SITE,https://images.thomasfencear.com/automated_gate_springdale_estate_gate_geo_02.jpg
automatic_gate_fayetteville_entry_gate_geo_01.jpg,May 8,Gate Automation,Fayetteville,/gates/gate-automation/ | /fayetteville/,ON SITE,https://images.thomasfencear.com/automatic_gate_fayetteville_entry_gate_geo_01.jpg
automatic_gate_fayetteville_entry_gate_geo_02.jpg,May 8,Gate Automation,Fayetteville,/gates/gate-automation/ | /fayetteville/,ON SITE,https://images.thomasfencear.com/automatic_gate_fayetteville_entry_gate_geo_02.jpg
automatic_gate_fayetteville_entry_gate_geo_03.jpg,May 8,Gate Automation,Fayetteville,/gates/gate-automation/ | /fayetteville/,ON SITE,https://images.thomasfencear.com/automatic_gate_fayetteville_entry_gate_geo_03.jpg
cantilever_gate_lowell_metal_r_panel_gate_geo_01.jpg,May 11,Gate Automation / Commercial,Lowell,/gates/gate-automation/ | /fences/commercial-fencing/,NOT WIRED IN,https://images.thomasfencear.com/cantilever_gate_lowell_metal_r_panel_gate_geo_01.jpg
cantilever_gate_lowell_metal_r_panel_gate_geo_02.jpg,May 11,Gate Automation / Commercial,Lowell,/gates/gate-automation/ | /fences/commercial-fencing/,NOT WIRED IN,https://images.thomasfencear.com/cantilever_gate_lowell_metal_r_panel_gate_geo_02.jpg
ornamental_gate_bentonville_back_yard_geo_01.jpg,May 13,Estate Gates / Ornamental Steel,Bentonville,/gates/estate-gates/ | /fences/ornamental-steel-fence/ | /bentonville/,NOT WIRED IN,https://images.thomasfencear.com/ornamental_gate_bentonville_back_yard_geo_01.jpg
ornamental_gate_centerton_residential_back_yard_geo_01.jpg,May 13,Estate Gates / Ornamental Steel,Centerton,/gates/estate-gates/ | /fences/ornamental-steel-fence/,NOT WIRED IN,https://images.thomasfencear.com/ornamental_gate_centerton_residential_back_yard_geo_01.jpg
pivot_gate_centerton_self_storage_geo_01.jpg,May 6,Gate Automation / Commercial,Centerton,/gates/gate-automation/ | /fences/commercial-fencing/,ON SITE,https://images.thomasfencear.com/pivot_gate_centerton_self_storage_geo_01.jpg
pivot_gate_centerton_self_storage_geo_02.jpg,May 6,Gate Automation / Commercial,Centerton,/gates/gate-automation/ | /fences/commercial-fencing/,ON SITE,https://images.thomasfencear.com/pivot_gate_centerton_self_storage_geo_02.jpg
pivot_gate_centerton_self_storage_geo_03.jpg,May 6,Gate Automation / Commercial,Centerton,/gates/gate-automation/ | /fences/commercial-fencing/,ON SITE,https://images.thomasfencear.com/pivot_gate_centerton_self_storage_geo_03.jpg
swing_gate_garfield_custom_entry_gate_geo_01.jpg,May 6,Gate Automation / Estate Gates,Garfield,/gates/gate-automation/ | /gates/estate-gates/,ON SITE,https://images.thomasfencear.com/swing_gate_garfield_custom_entry_gate_geo_01.jpg
swing_gate_garfield_custom_entry_gate_geo_02.jpg,May 6,Gate Automation / Estate Gates,Garfield,/gates/gate-automation/ | /gates/estate-gates/,ON SITE,https://images.thomasfencear.com/swing_gate_garfield_custom_entry_gate_geo_02.jpg
black_chainlink_fayetteville_dog_park_fence_geo_01.jpg,May 11,Chain Link Fence,Fayetteville,/fences/chain-link-fence/ | /fayetteville/,NOT WIRED IN,https://images.thomasfencear.com/black_chainlink_fayetteville_dog_park_fence_geo_01.jpg
black_chainlink_tontitown_pickleball_geo_01.jpg,May 11,Chain Link / Commercial,Tontitown,/fences/chain-link-fence/ | /fences/commercial-fencing/,NOT WIRED IN,https://images.thomasfencear.com/black_chainlink_tontitown_pickleball_geo_01.jpg
black_chainlink_tontitown_pickleball_geo_02.jpg,May 11,Chain Link / Commercial,Tontitown,/fences/chain-link-fence/ | /fences/commercial-fencing/,NOT WIRED IN,https://images.thomasfencear.com/black_chainlink_tontitown_pickleball_geo_02.jpg
black_vinyl_chainlink_fayetteville_dog_park_geo_01.jpg,May 13,Chain Link / Vinyl Fence,Fayetteville,/fences/chain-link-fence/ | /fences/vinyl-fence/ | /fayetteville/,NOT WIRED IN,https://images.thomasfencear.com/black_vinyl_chainlink_fayetteville_dog_park_geo_01.jpg
black_vinyl_chainlink_fayetteville_dog_park_geo_02.jpg,May 13,Chain Link / Vinyl Fence,Fayetteville,/fences/chain-link-fence/ | /fences/vinyl-fence/ | /fayetteville/,NOT WIRED IN,https://images.thomasfencear.com/black_vinyl_chainlink_fayetteville_dog_park_geo_02.jpg
chainlink_fence_bentonville_security_fence_geo_01.jpg,May 11,Chain Link / Commercial,Bentonville,/fences/chain-link-fence/ | /fences/commercial-fencing/ | /bentonville/,NOT WIRED IN,https://images.thomasfencear.com/chainlink_fence_bentonville_security_fence_geo_01.jpg
chainlink_fence_bentonville_security_fence_geo_02.jpg,May 11,Chain Link / Commercial,Bentonville,/fences/chain-link-fence/ | /fences/commercial-fencing/ | /bentonville/,NOT WIRED IN,https://images.thomasfencear.com/chainlink_fence_bentonville_security_fence_geo_02.jpg
chainlink_fence_bentonville_security_fence_geo_03.jpg,May 11,Chain Link / Commercial,Bentonville,/fences/chain-link-fence/ | /fences/commercial-fencing/ | /bentonville/,NOT WIRED IN,https://images.thomasfencear.com/chainlink_fence_bentonville_security_fence_geo_03.jpg
chainlink_fence_bentonville_water_tower_fence_geo_01.jpg,May 11,Chain Link / Commercial,Bentonville,/fences/chain-link-fence/ | /fences/commercial-fencing/ | /bentonville/,NOT WIRED IN,https://images.thomasfencear.com/chainlink_fence_bentonville_water_tower_fence_geo_01.jpg
chainlink_fence_bentonville_water_tower_fence_geo_02.jpg,May 11,Chain Link / Commercial,Bentonville,/fences/chain-link-fence/ | /fences/commercial-fencing/ | /bentonville/,NOT WIRED IN,https://images.thomasfencear.com/chainlink_fence_bentonville_water_tower_fence_geo_02.jpg
chainlink_fence_bentonville_water_tower_fence_geo_03.jpg,May 11,Chain Link / Commercial,Bentonville,/fences/chain-link-fence/ | /fences/commercial-fencing/ | /bentonville/,NOT WIRED IN,https://images.thomasfencear.com/chainlink_fence_bentonville_water_tower_fence_geo_03.jpg
cedar_fence_bentonville_residential_backyard_fence_geo_01.jpg,May 13,Wood Fence / Residential,Bentonville,/fences/wood-fence/ | /fences/residential-fencing/ | /bentonville/,NOT WIRED IN,https://images.thomasfencear.com/cedar_fence_bentonville_residential_backyard_fence_geo_01.jpg
cedar_fence_bentonville_residential_backyard_fence_geo_02.jpg,May 13,Wood Fence / Residential,Bentonville,/fences/wood-fence/ | /fences/residential-fencing/ | /bentonville/,NOT WIRED IN,https://images.thomasfencear.com/cedar_fence_bentonville_residential_backyard_fence_geo_02.jpg
horizontal_wood_fence_bentonville_residential_geo_01.jpg,May 8,Wood Fence / Residential,Bentonville,/fences/wood-fence/ | /fences/residential-fencing/ | /bentonville/,ON SITE,https://images.thomasfencear.com/horizontal_wood_fence_bentonville_residential_geo_01.jpg
wood_fence_bentonville_cedar_fence_geo_01.jpg,May 13,Wood Fence,Bentonville,/fences/wood-fence/ | /bentonville/,NOT WIRED IN,https://images.thomasfencear.com/wood_fence_bentonville_cedar_fence_geo_01.jpg
wood_fence_bentonville_cedar_fence_geo_02.jpg,May 13,Wood Fence,Bentonville,/fences/wood-fence/ | /bentonville/,NOT WIRED IN,https://images.thomasfencear.com/wood_fence_bentonville_cedar_fence_geo_02.jpg
wood_fence_bentonville_horizontal_geo_01.jpg,May 13,Wood Fence,Bentonville,/fences/wood-fence/ | /bentonville/,NOT WIRED IN,https://images.thomasfencear.com/wood_fence_bentonville_horizontal_geo_01.jpg
wood_fence_bentonville_horizontal_geo_02.jpg,May 13,Wood Fence,Bentonville,/fences/wood-fence/ | /bentonville/,NOT WIRED IN,https://images.thomasfencear.com/wood_fence_bentonville_horizontal_geo_02.jpg
wood_fence_bentonville_horizontal_geo_03.jpg,May 13,Wood Fence,Bentonville,/fences/wood-fence/ | /bentonville/,NOT WIRED IN,https://images.thomasfencear.com/wood_fence_bentonville_horizontal_geo_03.jpg
wood_fence_bentonville_residential_fence_geo_01.jpg,May 13,Wood Fence / Residential,Bentonville,/fences/wood-fence/ | /fences/residential-fencing/ | /bentonville/,NOT WIRED IN,https://images.thomasfencear.com/wood_fence_bentonville_residential_fence_geo_01.jpg
wood_fence_bentonville_residential_fence_geo_02.jpg,May 13,Wood Fence / Residential,Bentonville,/fences/wood-fence/ | /fences/residential-fencing/ | /bentonville/,NOT WIRED IN,https://images.thomasfencear.com/wood_fence_bentonville_residential_fence_geo_02.jpg
wood_fence_bentonville_residential_fence_geo_03.jpg,May 13,Wood Fence / Residential,Bentonville,/fences/wood-fence/ | /fences/residential-fencing/ | /bentonville/,NOT WIRED IN,https://images.thomasfencear.com/wood_fence_bentonville_residential_fence_geo_03.jpg
wood_fence_bentonville_residential_fence_geo_04.jpg,May 13,Wood Fence / Residential,Bentonville,/fences/wood-fence/ | /fences/residential-fencing/ | /bentonville/,NOT WIRED IN,https://images.thomasfencear.com/wood_fence_bentonville_residential_fence_geo_04.jpg
wood_fence_bentonville_residential_fence_geo_05.jpg,May 13,Wood Fence / Residential,Bentonville,/fences/wood-fence/ | /fences/residential-fencing/ | /bentonville/,NOT WIRED IN,https://images.thomasfencear.com/wood_fence_bentonville_residential_fence_geo_05.jpg
wood_fence_bentonville_residential_fence_geo_06.jpg,May 13,Wood Fence / Residential,Bentonville,/fences/wood-fence/ | /fences/residential-fencing/ | /bentonville/,NOT WIRED IN,https://images.thomasfencear.com/wood_fence_bentonville_residential_fence_geo_06.jpg
wood_fence_bentonville_residential_fence_geo_07.jpg,May 13,Wood Fence / Residential,Bentonville,/fences/wood-fence/ | /fences/residential-fencing/ | /bentonville/,NOT WIRED IN,https://images.thomasfencear.com/wood_fence_bentonville_residential_fence_geo_07.jpg
wood_fence_bentonville_residential_fence_geo_08.jpg,May 13,Wood Fence / Residential,Bentonville,/fences/wood-fence/ | /fences/residential-fencing/ | /bentonville/,NOT WIRED IN,https://images.thomasfencear.com/wood_fence_bentonville_residential_fence_geo_08.jpg
wood_fence_cave_springs_residential_fence_geo_01.jpg,May 13,Wood Fence / Residential,Cave Springs,/fences/wood-fence/ | /fences/residential-fencing/,NOT WIRED IN,https://images.thomasfencear.com/wood_fence_cave_springs_residential_fence_geo_01.jpg
wood_fence_siloam_springs_cedar_cap_trim_geo_01.jpg,May 13,Wood Fence,Siloam Springs,/fences/wood-fence/ | /siloam-springs/,NOT WIRED IN,https://images.thomasfencear.com/wood_fence_siloam_springs_cedar_cap_trim_geo_01.jpg
wood_fence_siloam_springs_cedar_cap_trim_geo_02.jpg,May 13,Wood Fence,Siloam Springs,/fences/wood-fence/ | /siloam-springs/,NOT WIRED IN,https://images.thomasfencear.com/wood_fence_siloam_springs_cedar_cap_trim_geo_02.jpg
farm_fence_cave_springs_round_rail_fence_geo_01.jpg,May 13,Farm Fencing,Cave Springs,/fences/farm-fencing/,NOT WIRED IN,https://images.thomasfencear.com/farm_fence_cave_springs_round_rail_fence_geo_01.jpg
farm_fence_cave_springs_round_rail_fence_geo_02.jpg,May 13,Farm Fencing,Cave Springs,/fences/farm-fencing/,NOT WIRED IN,https://images.thomasfencear.com/farm_fence_cave_springs_round_rail_fence_geo_02.jpg
farm_fence_cave_springs_round_rail_fence_geo_03.jpg,May 13,Farm Fencing,Cave Springs,/fences/farm-fencing/,NOT WIRED IN,https://images.thomasfencear.com/farm_fence_cave_springs_round_rail_fence_geo_03.jpg
farm_fence_decatur_field_fence_geo_01.jpg,May 13,Farm Fencing,Decatur,/fences/farm-fencing/,NOT WIRED IN,https://images.thomasfencear.com/farm_fence_decatur_field_fence_geo_01.jpg
farm_fence_decatur_field_fence_geo_02.jpg,May 13,Farm Fencing,Decatur,/fences/farm-fencing/,NOT WIRED IN,https://images.thomasfencear.com/farm_fence_decatur_field_fence_geo_02.jpg
ornamental_fence_centerton_back_yard_fence_geo_01.jpg,May 13,Ornamental Steel Fence,Centerton,/fences/ornamental-steel-fence/,NOT WIRED IN,https://images.thomasfencear.com/ornamental_fence_centerton_back_yard_fence_geo_01.jpg
metal_panel_fence_lowell_r_panel_geo_01.jpg,May 11,Commercial Fencing,Lowell,/fences/commercial-fencing/,NOT WIRED IN,https://images.thomasfencear.com/metal_panel_fence_lowell_r_panel_geo_01.jpg
metal_panel_fence_lowell_r_panel_geo_02.jpg,May 11,Commercial Fencing,Lowell,/fences/commercial-fencing/,NOT WIRED IN,https://images.thomasfencear.com/metal_panel_fence_lowell_r_panel_geo_02.jpg
metal_panel_fence_lowell_r_panel_geo_03.jpg,May 11,Commercial Fencing,Lowell,/fences/commercial-fencing/,NOT WIRED IN,https://images.thomasfencear.com/metal_panel_fence_lowell_r_panel_geo_03.jpg
metal_panel_fence_lowell_r_panel_geo_04.jpg,May 11,Commercial Fencing,Lowell,/fences/commercial-fencing/,NOT WIRED IN,https://images.thomasfencear.com/metal_panel_fence_lowell_r_panel_geo_04.jpg
handrail_pea_ridge_school_geo_01.webp,May 13,Commercial / Railings,Pea Ridge,/fences/commercial-fencing/ | /photo-gallery/,NOT WIRED IN,https://images.thomasfencear.com/handrail_pea_ridge_school_geo_01.webp
handrail_pea_ridge_school_geo_02.webp,May 13,Commercial / Railings,Pea Ridge,/fences/commercial-fencing/ | /photo-gallery/,NOT WIRED IN,https://images.thomasfencear.com/handrail_pea_ridge_school_geo_02.webp
handrail_rogers_metal_handrail_geo_01.webp,May 13,Commercial / Railings,Rogers,/fences/commercial-fencing/ | /rogers/ | /photo-gallery/,NOT WIRED IN,https://images.thomasfencear.com/handrail_rogers_metal_handrail_geo_01.webp
handrail_rogers_metal_handrail_geo_02.webp,May 13,Commercial / Railings,Rogers,/fences/commercial-fencing/ | /rogers/ | /photo-gallery/,NOT WIRED IN,https://images.thomasfencear.com/handrail_rogers_metal_handrail_geo_02.webp
porch_railing_centerton_metal_railing_geo_01.webp,May 13,Commercial / Railings,Centerton,/fences/commercial-fencing/ | /photo-gallery/,NOT WIRED IN,https://images.thomasfencear.com/porch_railing_centerton_metal_railing_geo_01.webp
temporary_fence_springdale_pedestrian_panel_geo_01.jpg,May 13,Temporary Fencing,Springdale,/fences/temporary-fences/ | /springdale/,NOT WIRED IN,https://images.thomasfencear.com/temporary_fence_springdale_pedestrian_panel_geo_01.jpg
temporary_fence_springdale_pedestrian_panel_geo_02.jpg,May 13,Temporary Fencing,Springdale,/fences/temporary-fences/ | /springdale/,NOT WIRED IN,https://images.thomasfencear.com/temporary_fence_springdale_pedestrian_panel_geo_02.jpg
vinyl_fence_fayetteville_perimeter_fence_geo_01.jpg,May 13,Vinyl Fence,Fayetteville,/fences/vinyl-fence/ | /fayetteville/,NOT WIRED IN,https://images.thomasfencear.com/vinyl_fence_fayetteville_perimeter_fence_geo_01.jpg
vinyl_fence_fayetteville_perimeter_fence_geo_02.jpg,May 13,Vinyl Fence,Fayetteville,/fences/vinyl-fence/ | /fayetteville/,NOT WIRED IN,https://images.thomasfencear.com/vinyl_fence_fayetteville_perimeter_fence_geo_02.jpg
